base_query,variant_query
restaurants near Central Park,restaurants near Cenrtal Park
restaurants near Central Park,restauronts neur Central Park
restaurants near Central Park,restaurnts near Central Prk
restaurants near Central Park,restauratns near Central Park
restaurants near Central Park,restaurants neir Central Oark
restaurants near Central Park,restaurants nar Central Park
restaurants near Central Park,restaurats near Contral Park
restaurants near Central Park,restaurants near Csntral Pak
shortest route to Times Square from JFK Airport,shortest route to Times Sqare from JFK Akrport
shortest route to Times Square from JFK Airport,shortest roue to Times Square from JFK Airport
shortest route to Times Square from JFK Airport,shortets route to Times Square from JFK Airport
shortest route to Times Square from JFK Airport,shortest route to Times Square frok JFK Airrport
shortest route to Times Square from JFK Airport,shirtest route to Times Square from JFK Airport
shortest route to Times Square from JFK Airport,shotest route to Times Square from JFK Airport
shortest route to Times Square from JFK Airport,shodtest route to Tiems Square from JFK Airport
shortest route to Times Square from JFK Airport,shortest route to Times Square from JFK Arport
petrol stations open now in downtown Los Angeles,ptrol stations open now in downown Los Angeles
petrol stations open now in downtown Los Angeles,petrol statins oen now in downtown Los Angeles
petrol stations open now in downtown Los Angeles,petrol statinos ppen now in downtown Los Angeles
petrol stations open now in downtown Los Angeles,pertol stations open now in downtown Los Angeles
petrol stations open now in downtown Los Angeles,petrol stations open now in doowntown Kos Angeles
petrol stations open now in downtown Los Angeles,petrol stations open now in downrown Lks Angeles
petrol stations open now in downtown Los Angeles,petrol stations oen now in downtosn Los Angeles
petrol stations open now in downtown Los Angeles,petrol stations open now in downtown Lks Angeles
walking directions to Eiffel Tower from Louvre Museum,walking directions to Eiffel Tower from Lovre Museum
walking directions to Eiffel Tower from Louvre Museum,wlking directions to Eiffel Tower from Louvre Museum
walking directions to Eiffel Tower from Louvre Museum,waking directions to Eiffel Tower from Loavre Museum
walking directions to Eiffel Tower from Louvre Museum,walking directions to Eiffel Tower from Lohvre Museum
walking directions to Eiffel Tower from Louvre Museum,walking directions to Eiffel Tower from Louvro Musem
walking directions to Eiffel Tower from Louvre Museum,walking directions to Euffel Tower from Louvre Museum
walking directions to Eiffel Tower from Louvre Museum,walking directions to Eiffel Tower frm Louvre Museum
walking directions to Eiffel Tower from Louvre Museum,walking driections to Eiffel Tower from Lojvre Museum
nearest hiking trails in Yosemite National Park,neurest hiking trails in Yosemite National Park
nearest hiking trails in Yosemite National Park,nearest hiking trails in Tosemite National Park
nearest hiking trails in Yosemite National Park,nearest hiking trailz in Yosemite National Park
nearest hiking trails in Yosemite National Park,nearest hiking trails in Yosemite National Parkk
nearest hiking trails in Yosemite National Park,nearest hikeng trails in Yosemite National Park
nearest hiking trails in Yosemite National Park,nearest hiking trails in Ysoemite National Prk
nearest hiking trails in Yosemite National Park,neurest hiking trils in Yosemite National Park
nearest hiking trails in Yosemite National Park,nearest hikig trails un Yosemite National Park
software engineer jobs in San Francisco,software enginier jobs in Ean Francisco
software engineer jobs in San Francisco,software engineer jobs in Sen Francisco
software engineer jobs in San Francisco,softare engineer jobs in San Francisco
software engineer jobs in San Francisco,software enyineer jobs in San Francisco
software engineer jobs in San Francisco,software engineer jobs in San Francusco
software engineer jobs in San Francisco,softwware enginer jobs in San Francisco
software engineer jobs in San Francisco,software egnineer jobs in San Francissco
software engineer jobs in San Francisco,software engineer jjobs in San Francisco
remote work opportunities in marketing,remote work olportunities in marketing
remote work opportunities in marketing,reemote work opportunities in marketing
remote work opportunities in marketing,remute aork opportunities in marketing
remote work opportunities in marketing,remotr work opportunities in marketing
remote work opportunities in marketing,remote work opportuniries in marketinv
remote work opportunities in marketing,remute work opportunities in marketing
remote work opportunities in marketing,remote work opportuneties ib marketing
remote work opportunities in marketing,ermote work opportunities in marketing
freelance graphic design projects for beginners,freelance graphic desgin projects for beeginners
freelance graphic design projects for beginners,freelance grphic design projects for beginners
freelance graphic design projects for beginners,freelance graphic deesign projects for beginners
freelance graphic design projects for beginners,freelannce graphic design projects for beginners
freelance graphic design projects for beginners,freelence graphic design projects for beginners
freelance graphic design projects for beginners,freelance graaphic design projects for beginners
freelance graphic design projects for beginners,freelancce graphic design projects for beginnesr
freelance graphic design projects for beginners,freelance graphic dosign projects for beginners
data scientist positions at Google,data scientist positions at Gaogle
data scientist positions at Google,data scientist positions at Googgle
data scientist positions at Google,data scientist posiyions at Googla
data scientist positions at Google,daa scientist positions at Google
data scientist positions at Google,data scientist opsitions at Googgle
data scientist positions at Google,data sientist positions at Google
data scientist positions at Google,data sciontist positions at Google
data scientist positions at Google,data scietist positions at Google
entry-level mechanical engineering jobs in Austin,antry- level mechanical engineering jobs jn Austin
entry-level mechanical engineering jobs in Austin,entry- level mechanical engineering jobs in Ajstin
entry-level mechanical engineering jobs in Austin,untry- level mechanical engineering jobs in Austin
entry-level mechanical engineering jobs in Austin,entry- lvel mechanical engineering jobs in Austin
entry-level mechanical engineering jobs in Austin,entry- level mechanical engienering jobs in Austin
entry-level mechanical engineering jobs in Austin,entry- level mechanical engineoring jobs in Qustin
entry-level mechanical engineering jobs in Austin,entry- level mechanicwl engineering jobs an Austin
entry-level mechanical engineering jobs in Austin,entyr- level mechanicol engineering jobs in Austin
